IT03822240960_25008499.pdf;21510535;PV;001;1799,50;1475,00;,00;324,50;IM22;EUR;09/10/25;
IT02495130011_25006094.pdf;21507513;PV;001;263,54;216,02;,00;47,52;IM22;EUR;16/07/25;
IT03247840360_25009146.pdf;21511244;PD;001;-878,40;-720,00;,00;-158,40;IM22;EUR;24/10/25;
20015548_25009210.pdf;21511309;PV;001;184,93;184,93;,00;,00;IM40;EUR;27/10/25;
20015548_25009210.pdf;21511309;PV;002;203,42;203,42;,00;,00;IM41;EUR;27/10/25;
IT11926150969_25009398.pdf;21511472;PV;001;55,00;55,00;,00;,00;IM64;EUR;30/10/25;
IT07305361003_25008996.pdf;21510993;PV;001;147,46;120,87;,00;26,59;IM22;EUR;20/10/25;
20029723_25009461.pdf;21511567;PL;001;570,00;,00;570,00;,00;NOIVA;EUR;30/10/25;
IT00753490366_25009291.pdf;21511323;PV;001;1332,85;1092,50;,00;240,35;IM22;EUR;27/10/25;
IT01528100348_25009184.pdf;21511291;PV;001;4694,56;3848,00;,00;846,56;IM22;EUR;27/10/25;
IT01528100348_25009184.pdf;21511291;PV;002;272,28;272,28;,00;,00;IM66;EUR;27/10/25;
20029723_25009459.pdf;21511571;PL;001;570,00;,00;570,00;,00;NOIVA;EUR;30/10/25;
IT00468200316_25009348.pdf;21511638;PV;001;80,13;80,13;,00;,00;IM63;EUR;31/10/25;
IT00468200316_25009348.pdf;21511638;PV;002;2,00;2,00;,00;,00;IM66;EUR;31/10/25;
IT00778780163_25009330.pdf;21511420;PV;001;257,00;257,00;,00;,00;IM66;EUR;28/10/25;
IT01718630351_25009099.pdf;21511240;PV;001;1226,10;1005,00;,00;221,10;IM22;EUR;24/10/25;
IT09399880153_25009497.pdf;21511621;PV;001;526,27;431,37;,00;94,90;IM22;EUR;31/10/25;
20029723_25009438.pdf;21511549;PL;001;282,40;,00;282,40;,00;NOIVA;EUR;30/10/25;
20015548_25009206.pdf;21511314;PV;001;184,93;184,93;,00;,00;IM40;EUR;27/10/25;
IT00850400151_25009392.pdf;21511631;PV;001;405,04;332,00;,00;73,04;IM22;EUR;31/10/25;
20010122_25009552.pdf;21511697;PV;001;1611,85;,00;1611,85;,00;NOIVA;USD;31/10/25;
20029723_25009452.pdf;21511559;PL;001;1502,40;,00;1502,40;,00;NOIVA;EUR;30/10/25;
20029723_25009452.pdf;21511559;PL;002;2743,12;,00;2743,12;,00;NOIVA;EUR;30/10/25;
20042102_25009529.pdf;21511642;PL;001;474,80;474,80;,00;,00;IM40;EUR;31/10/25;
IT06458300487_25009285.pdf;21511290;PV;001;131,20;107,54;,00;23,66;IM22;EUR;27/10/25;
IT04209680158_25009351.pdf;21511447;PV;001;26,84;22,00;,00;4,84;IM22;EUR;29/10/25;
20017481_25006907.pdf;21508785;PV;001;475,32;475,32;,00;,00;IM40;EUR;25/08/25;
20019331_25009516.pdf;21511654;PL;001;202,40;202,40;,00;,00;IM40;EUR;31/10/25;
20019331_25009516.pdf;21511654;PL;002;125,40;125,40;,00;,00;IM40;EUR;31/10/25;
IT04209680158_25008558.pdf;21510600;PV;001;1497,32;1497,32;,00;,00;IM64;EUR;10/10/25;
IT04209680158_25008558.pdf;21510600;PV;002;271,06;222,18;,00;48,88;IM22;EUR;10/10/25;
IT04209680158_25008558.pdf;21510600;PV;003;2,00;2,00;,00;,00;IM66;EUR;10/10/25;
20011687_25008547.pdf;21511110;PV;001;2003,96;2003,96;,00;,00;IM40;EUR;21/10/25;
IT02196721209_25008961.pdf;21511399;PV;001;5164,47;4233,17;,00;931,30;IM22;EUR;28/10/25;
IT01975500354_25008836.pdf;21511228;PV;001;41251,87;41251,87;,00;,00;IM63;EUR;24/10/25;
IT00171030356_25009483.pdf;21511610;PV;001;6751,67;6751,67;,00;,00;IM63;EUR;31/10/25;
IT00171030356_25009483.pdf;21511610;PV;002;2,00;2,00;,00;,00;IM66;EUR;31/10/25;
20015548_25009380.pdf;21511504;PV;001;448,00;448,00;,00;,00;IM40;EUR;30/10/25;
IT00141290353_25009558.pdf;21511672;PV;001;256,20;210,00;,00;46,20;IM22A2;EUR;31/10/25;
IT00891230153_25008945.pdf;21511004;PV;001;852,66;698,90;,00;153,76;IM22;EUR;20/10/25;
IT00891230153_25008945.pdf;21511004;PV;002;1545,00;1545,00;,00;,00;IM64;EUR;20/10/25;
IT00891230153_25008945.pdf;21511004;PV;003;2,00;2,00;,00;,00;IM66;EUR;20/10/25;
20042952_25009242.pdf;21511508;PV;001;9,60;9,60;,00;,00;IM66;EUR;30/10/25;
IT04209680158_25009071.pdf;21511143;PV;001;3,86;3,86;,00;,00;IM66;EUR;22/10/25;
IT04209680158_25009071.pdf;21511143;PV;002;32,94;27,00;,00;5,94;IM22;EUR;22/10/25;
IT01975500354_25006926.pdf;21508580;PV;001;38065,04;38065,04;,00;,00;IM63;EUR;07/08/25;
IT03680120361_25008753.pdf;21510845;PV;001;562,73;461,25;,00;101,48;IM22;EUR;15/10/25;
20016841_25009227.pdf;21511350;PV;001;35,00;35,00;,00;,00;IM41;EUR;27/10/25;
20015548_25008770.pdf;21510883;PD;001;-16,50;-16,50;,00;,00;IM41;EUR;15/10/25;
IT01174150357_25008799.pdf;21510911;PV;001;13615,82;11160,51;,00;2455,31;IM22;EUR;16/10/25;
IT02556300206_25008674.pdf;21510850;PD;001;-1525,00;-1250,00;,00;-275,00;IM22;EUR;15/10/25;
IT00552020984_25009480.pdf;21511604;PV;001;1070,00;1070,00;,00;,00;IM63;EUR;31/10/25;
IT00552020984_25009480.pdf;21511604;PV;002;2,00;2,00;,00;,00;IM66;EUR;31/10/25;
20015548_25008768.pdf;21510876;PV;001;91,97;91,97;,00;,00;IM40;EUR;15/10/25;
20015548_25008768.pdf;21510876;PV;002;102,20;102,20;,00;,00;IM41;EUR;15/10/25;
20029723_25009427.pdf;21511540;PL;001;1760,00;,00;1760,00;,00;NOIVA;EUR;30/10/25;
20029723_25009425.pdf;21511576;PL;001;282,38;,00;282,38;,00;NOIVA;EUR;30/10/25;
IT02495130011_25006093.pdf;21507514;PV;001;1167,17;956,70;,00;210,47;IM22;EUR;16/07/25;
IT01174150357_25008789.pdf;21510907;PV;001;245,78;201,46;,00;44,32;IM22;EUR;16/10/25;
20029723_25009256.pdf;21511381;PL;001;878,73;,00;878,73;,00;NOIVA;EUR;28/10/25;
IT12987150963_25009366.pdf;21511463;PV;001;748,74;613,72;,00;135,02;IM22;EUR;30/10/25;
IT00891230153_25008974.pdf;21511008;PV;001;288,53;236,50;,00;52,03;IM22;EUR;20/10/25;
IT00891230153_25008974.pdf;21511008;PV;002;475,00;475,00;,00;,00;IM64;EUR;20/10/25;
IT00891230153_25008974.pdf;21511008;PV;003;2,00;2,00;,00;,00;IM66;EUR;20/10/25;
20029723_25009441.pdf;21511552;PL;001;573,30;,00;573,30;,00;NOIVA;EUR;30/10/25;
20010809_25009011.pdf;21511081;PV;001;40,00;40,00;,00;,00;IM87;EUR;21/10/25;
IT08352200151_25009318.pdf;21511390;PV;001;948,00;948,00;,00;,00;IM63;EUR;28/10/25;
IT08352200151_25009318.pdf;21511390;PV;002;2,00;2,00;,00;,00;IM66;EUR;28/10/25;
IT02690180365_25009270.pdf;21511275;PV;001;846,23;846,23;,00;,00;IM63;EUR;27/10/25;
IT02690180365_25009270.pdf;21511275;PV;002;2,00;2,00;,00;,00;IM66;EUR;27/10/25;
IT00753490366_25009292.pdf;21511324;PV;001;28,98;23,75;,00;5,23;IM22;EUR;27/10/25;
IT03197250404_25008593.pdf;21511182;PV;001;988,20;810,00;,00;178,20;IM22;EUR;23/10/25;
20029723_25009257.pdf;21511385;PL;001;1548,13;,00;1548,13;,00;NOIVA;EUR;28/10/25;
20018797_25009165.pdf;21511170;PV;001;2808,00;2808,00;,00;,00;IM40;EUR;23/10/25;
IT11926150969_25009332.pdf;21511421;PV;001;139,63;114,45;,00;25,18;IM22;EUR;28/10/25;
IT07305361003_25008997.pdf;21510994;PV;001;351,48;288,10;,00;63,38;IM22;EUR;20/10/25;
IT01718630351_25009098.pdf;21511241;PV;001;793,00;650,00;,00;143,00;IM22;EUR;24/10/25;
20015548_25009240.pdf;21511337;PD;001;-648,40;-648,40;,00;,00;IM41;EUR;27/10/25;
20029723_25009436.pdf;21511550;PL;001;1161,00;,00;1161,00;,00;NOIVA;EUR;30/10/25;
IT00379960289_25009385.pdf;21511506;PV;001;120,00;120,00;,00;,00;IM63;EUR;30/10/25;
IT00379960289_25009385.pdf;21511506;PV;002;2,00;2,00;,00;,00;IM66;EUR;30/10/25;
20015548_25009207.pdf;21511336;PD;001;-184,93;-184,93;,00;,00;IM40;EUR;27/10/25;
IT03740811207_25009350.pdf;21511448;PV;001;448,27;448,27;,00;,00;IM66;EUR;29/10/25;
20042102_25009530.pdf;21511643;PL;001;21,42;21,42;,00;,00;IM40;EUR;31/10/25;
IT02267810964_25009174.pdf;21511329;PV;001;180,32;147,80;,00;32,52;IM22;EUR;27/10/25;
20042102_25009531.pdf;21511645;PL;001;774,90;774,90;,00;,00;IM40;EUR;31/10/25;
IT01566180350_25009101.pdf;21511397;PV;001;1910,97;1566,38;,00;344,59;IM22;EUR;28/10/25;
IT02253100032_25008512.pdf;21510505;PV;001;466,92;382,72;,00;84,20;IM22;EUR;08/10/25;
IT13397910962_25009151.pdf;21511398;PV;001;26,71;21,89;,00;4,82;IM22;EUR;28/10/25;
IT03222820213_25008595.pdf;21511261;PV;001;9380,34;7688,80;,00;1691,54;IM22;EUR;27/10/25;
IT03222820213_25008595.pdf;21511261;PV;002;899,68;899,68;,00;,00;IM64;EUR;27/10/25;
20016841_25009222.pdf;21511346;PV;001;140,00;140,00;,00;,00;IM41;EUR;27/10/25;
20029723_25009472.pdf;21511585;PL;001;788,40;,00;788,40;,00;NOIVA;EUR;30/10/25;
20029723_25009472.pdf;21511585;PL;002;1060,00;,00;1060,00;,00;NOIVA;EUR;30/10/25;
IT01714530357_25008598.pdf;21510522;PV;001;568,52;466,00;,00;102,52;IM22;EUR;09/10/25;
IT01657140354_25009309.pdf;21511525;PV;001;1877,27;1877,27;,00;,00;IM63;EUR;30/10/25;
IT01795550357_25008764.pdf;21510587;PD;001;-26,08;-26,08;,00;,00;IM63;EUR;10/10/25;
20019448_25009415.pdf;21511600;PV;001;11946,97;11946,97;,00;,00;IM63BD;EUR;30/10/25;
20029723_25009429.pdf;21511541;PL;001;1060,00;,00;1060,00;,00;NOIVA;EUR;30/10/25;
IT03822240960_25009394.pdf;21511473;PV;001;21283,83;17445,76;,00;3838,07;IM22;EUR;30/10/25;
IT02286350364_25008349.pdf;21510293;PV;001;2582,00;2582,00;,00;,00;IM63;EUR;30/09/25;
IT02286350364_25008349.pdf;21510293;PV;002;2,00;2,00;,00;,00;IM66;EUR;30/09/25;
20015548_25009235.pdf;21511310;PV;001;291,20;291,20;,00;,00;IM41;EUR;27/10/25;
20010953_25008326.pdf;21510191;PV;001;60,00;60,00;,00;,00;IM41;EUR;30/09/25;
IT02690180365_25009265.pdf;21511276;PV;001;796,25;796,25;,00;,00;IM63;EUR;27/10/25;
IT02690180365_25009265.pdf;21511276;PV;002;2,00;2,00;,00;,00;IM66;EUR;27/10/25;
IT00753490366_25009290.pdf;21511325;PV;001;7730,55;6336,52;,00;1394,03;IM22;EUR;27/10/25;
IT01921910152_25009279.pdf;21511286;PV;001;74,22;74,22;,00;,00;IM66;EUR;27/10/25;
IT00141290353_25009182.pdf;21511198;PV;001;100,22;82,15;,00;18,07;IM22A2;EUR;23/10/25;
20029723_25009464.pdf;21511566;PL;001;648,40;,00;648,40;,00;NOIVA;EUR;30/10/25;
20029723_25009464.pdf;21511566;PL;002;635,00;,00;635,00;,00;NOIVA;EUR;30/10/25;
20029723_25009434.pdf;21511574;PL;001;762,00;,00;762,00;,00;NOIVA;EUR;30/10/25;
IT00381800358_25009336.pdf;21511425;PV;001;6950,40;6950,40;,00;,00;IM63;EUR;28/10/25;
IT09399880153_25009185.pdf;21511264;PD;001;-244,00;-200,00;,00;-44,00;IM22;EUR;27/10/25;
IT12949870153_25009100.pdf;21511239;PV;001;353,80;290,00;,00;63,80;IM22;EUR;24/10/25;
20029723_25009435.pdf;21511554;PL;001;632,00;,00;632,00;,00;NOIVA;EUR;30/10/25;
IT04209680158_25009000.pdf;21511142;PV;001;91,18;91,18;,00;,00;IM66;EUR;22/10/25;
IT04209680158_25009000.pdf;21511142;PV;002;46,36;38,00;,00;8,36;IM22;EUR;22/10/25;
IT01914150360_25009144.pdf;21511233;PV;001;60550,67;60550,67;,00;,00;IM63;EUR;24/10/25;
IT01914150360_25009144.pdf;21511233;PV;002;2,00;2,00;,00;,00;IM66;EUR;24/10/25;
20029723_25009437.pdf;21511551;PL;001;2932,50;,00;2932,50;,00;NOIVA;EUR;30/10/25;
IT03266630171_25009391.pdf;21511669;PV;001;368,80;368,80;,00;,00;IM63;EUR;31/10/25;
20010122_25009550.pdf;21511700;PV;001;924,26;,00;924,26;,00;NOIVA;USD;31/10/25;
20015548_25009196.pdf;21511318;PV;001;299,00;299,00;,00;,00;IM40;EUR;27/10/25;
20015548_25009196.pdf;21511318;PV;002;328,90;328,90;,00;,00;IM41;EUR;27/10/25;
20011791_25009473.pdf;21511640;PV;001;29467,42;29467,42;,00;,00;IM63BD;EUR;31/10/25;
20015548_25009544.pdf;21511691;PV;001;562,92;562,92;,00;,00;IM40;EUR;31/10/25;
20015548_25009544.pdf;21511691;PV;002;619,21;619,21;,00;,00;IM41;EUR;31/10/25;
20020921_25009281.pdf;21511509;PL;001;117,20;117,20;,00;,00;IM40;EUR;30/10/25;
IT01657140354_25009510.pdf;21511660;PV;001;1571,94;1571,94;,00;,00;IM63;EUR;31/10/25;
IT01735880161_25008575.pdf;21510418;PV;001;1099,10;900,90;,00;198,20;IM22;EUR;07/10/25;
IT11988960156_25009105.pdf;21511247;PV;001;2867,00;2350,00;,00;517,00;IM22;EUR;24/10/25;
20011047_25009416.pdf;21511598;PV;001;10838,39;,00;10838,39;,00;NOIVA;USD;30/10/25;
20015548_25009326.pdf;21511433;PD;001;-10,08;-10,08;,00;,00;IM41;EUR;28/10/25;
20029723_25009457.pdf;21511563;PL;001;282,40;,00;282,40;,00;NOIVA;EUR;30/10/25;
IT00171030356_25009484.pdf;21511611;PV;001;4176,90;4176,90;,00;,00;IM63;EUR;31/10/25;
IT00171030356_25009484.pdf;21511611;PV;002;2,00;2,00;,00;,00;IM66;EUR;31/10/25;
20016841_25009377.pdf;21511485;PV;001;360,90;360,90;,00;,00;IM40;EUR;30/10/25;
20016841_25009377.pdf;21511485;PV;002;396,99;396,99;,00;,00;IM41;EUR;30/10/25;
20019331_25009524.pdf;21511655;PL;001;2555,90;2555,90;,00;,00;IM40;EUR;31/10/25;
20015548_25009194.pdf;21511305;PV;001;339,51;339,51;,00;,00;IM41;EUR;27/10/25;
IT01032450072_25008941.pdf;21510920;PV;001;116616,63;106015,12;,00;10601,51;IM10;EUR;16/10/25;
20018797_25009295.pdf;21511358;PL;001;2801,82;2801,82;,00;,00;IM40;EUR;27/10/25;
20018797_25009295.pdf;21511358;PL;002;1400,91;1400,91;,00;,00;IM40;EUR;27/10/25;
IT00379960289_25007465.pdf;21509983;PV;001;10500,12;10500,12;,00;,00;IM63;EUR;25/09/25;
IT00379960289_25007465.pdf;21509983;PV;002;2,00;2,00;,00;,00;IM66;EUR;25/09/25;
IT00891230153_25009482.pdf;21511605;PV;001;645,87;529,40;,00;116,47;IM22;EUR;31/10/25;
20029723_25009430.pdf;21511542;PL;001;6589,50;,00;6589,50;,00;NOIVA;EUR;30/10/25;
IT02140670346_25008350.pdf;21510290;PV;001;2658,37;2658,37;,00;,00;IM63;EUR;30/09/25;
20010842_25008694.pdf;21511424;PV;001;710,55;,00;710,55;,00;NOIVA;EUR;28/10/25;
20010842_25008694.pdf;21511424;PV;002;97,58;97,58;,00;,00;IM42;EUR;28/10/25;
20018797_25009356.pdf;21511513;PV;001;714,83;714,83;,00;,00;IM40;EUR;30/10/25;
20018797_25009356.pdf;21511513;PV;002;,00;,00;,00;,00;IM40;EUR;30/10/25;
20029723_25009260.pdf;21511388;PL;001;2447,50;,00;2447,50;,00;NOIVA;EUR;28/10/25;
20029723_25009260.pdf;21511388;PL;002;1288,40;,00;1288,40;,00;NOIVA;EUR;28/10/25;
20029723_25009260.pdf;21511388;PL;003;2544,00;,00;2544,00;,00;NOIVA;EUR;28/10/25;
IT00753490366_25009548.pdf;21511681;PV;001;1342,48;1100,39;,00;242,09;IM22;EUR;31/10/25;
20015548_25009209.pdf;21511311;PV;001;191,71;191,71;,00;,00;IM40;EUR;27/10/25;
20015548_25009209.pdf;21511311;PV;002;210,88;210,88;,00;,00;IM41;EUR;27/10/25;
IT01559620354_25008495.pdf;21510456;PV;001;3390,94;2779,46;,00;611,48;IM22;EUR;08/10/25;
IT08352200151_25009319.pdf;21511391;PV;001;4118,40;4118,40;,00;,00;IM63;EUR;28/10/25;
IT08352200151_25009319.pdf;21511391;PV;002;2,00;2,00;,00;,00;IM66;EUR;28/10/25;
IT02690180365_25009266.pdf;21511277;PV;001;1035,37;1035,37;,00;,00;IM63;EUR;27/10/25;
IT02690180365_25009266.pdf;21511277;PV;002;2,00;2,00;,00;,00;IM66;EUR;27/10/25;
IT00753490366_25009293.pdf;21511326;PV;001;72,20;59,18;,00;13,02;IM22;EUR;27/10/25;
IT05481790961_25009278.pdf;21511287;PV;001;61,01;50,01;,00;11,00;IM22;EUR;27/10/25;
20015548_25009512.pdf;21511690;PV;001;376,18;376,18;,00;,00;IM40;EUR;31/10/25;
20015548_25009512.pdf;21511690;PV;002;413,80;413,80;,00;,00;IM41;EUR;31/10/25;
20010445_25008953.pdf;21511208;PV;001;180,00;180,00;,00;,00;IM42;EUR;23/10/25;
IT03078670043_25009245.pdf;21511270;PV;001;53,07;43,50;,00;9,57;IM22;EUR;27/10/25;
20029723_25009440.pdf;21511575;PL;001;171,30;,00;171,30;,00;NOIVA;EUR;30/10/25;
IT00209100353_25009333.pdf;21511426;PV;001;300,75;246,52;,00;54,23;IM22;EUR;28/10/25;
IT03035810351_25008815.pdf;21510734;PV;001;631,92;574,47;,00;57,45;IM10;EUR;13/10/25;
20020131_25007818.pdf;21509616;PV;001;8515,20;,00;8515,20;,00;NOIVA;USD;16/09/25;
20029723_25009248.pdf;21511373;PL;001;1080,00;,00;1080,00;,00;NOIVA;EUR;28/10/25;
IT09399880153_25008634.pdf;21510616;PV;001;33,66;33,66;,00;,00;IM66;EUR;10/10/25;
IT09399880153_25008634.pdf;21510616;PV;002;13,00;13,00;,00;,00;IM64;EUR;10/10/25;
20029723_25009451.pdf;21511555;PL;001;1354,00;,00;1354,00;,00;NOIVA;EUR;30/10/25;
IT03266630171_25009390.pdf;21511483;PV;001;328,00;328,00;,00;,00;IM63;EUR;30/10/25;
20015548_25009542.pdf;21511692;PV;001;376,18;376,18;,00;,00;IM40;EUR;31/10/25;
20015548_25009542.pdf;21511692;PV;002;413,80;413,80;,00;,00;IM41;EUR;31/10/25;
20029723_25009456.pdf;21511569;PL;001;1101,00;,00;1101,00;,00;NOIVA;EUR;30/10/25;
20015548_25009200.pdf;21511315;PV;001;184,93;184,93;,00;,00;IM40;EUR;27/10/25;
20015548_25009197.pdf;21511319;PV;001;184,93;184,93;,00;,00;IM40;EUR;27/10/25;
20015548_25009197.pdf;21511319;PV;002;203,42;203,42;,00;,00;IM41;EUR;27/10/25;
IT01723920359_25008493.pdf;21511531;PV;001;384,30;315,00;,00;69,30;IM22;EUR;30/10/25;
IT03822240960_25008525.pdf;21510371;PD;001;-1233,33;-1010,93;,00;-222,40;IM22;EUR;06/10/25;
IT03822240960_25008525.pdf;21510371;PD;002;-28,66;-28,66;,00;,00;IM26;EUR;06/10/25;
IT03822240960_25008525.pdf;21510371;PD;003;2,00;2,00;,00;,00;IM26;EUR;06/10/25;
20019331_25009525.pdf;21511647;PL;001;288,00;288,00;,00;,00;IM40;EUR;31/10/25;
20019331_25009525.pdf;21511647;PL;002;42,00;42,00;,00;,00;IM40;EUR;31/10/25;
20019331_25009525.pdf;21511647;PL;003;1221,00;1221,00;,00;,00;IM40;EUR;31/10/25;
20019331_25009525.pdf;21511647;PL;004;8038,80;8038,80;,00;,00;IM40;EUR;31/10/25;
IT02006020966_25009538.pdf;21511673;PV;001;1394,81;1143,29;,00;251,52;IM22;EUR;31/10/25;
20015548_25009324.pdf;21511434;PD;001;-436,80;-436,80;,00;,00;IM41;EUR;28/10/25;
20016841_25009378.pdf;21511487;PV;001;945,73;945,73;,00;,00;IM40;EUR;30/10/25;
20016841_25009378.pdf;21511487;PV;002;462,00;462,00;,00;,00;IM41;EUR;30/10/25;
20016841_25009226.pdf;21511347;PV;001;210,00;210,00;,00;,00;IM41;EUR;27/10/25;
IT00754800159_25009157.pdf;21511262;PV;001;423,97;423,97;,00;,00;IM66;EUR;27/10/25;
IT03905601203_25008448.pdf;21510450;PD;001;-1401,16;-1401,16;,00;,00;IM63;EUR;08/10/25;
IT03905601203_25008448.pdf;21510450;PD;002;2,00;2,00;,00;,00;IM66;EUR;08/10/25;
IT00670390350_25008782.pdf;21510626;PV;001;2942,56;2942,56;,00;,00;IM63;EUR;13/10/25;
IT00122680226_25008107.pdf;21511258;PV;001;40,00;40,00;,00;,00;IM64;EUR;27/10/25;
IT00867000960_25009559.pdf;21511679;PV;001;11681,49;11681,49;,00;,00;IM63;EUR;31/10/25;
IT01657140354_25009305.pdf;21511526;PV;001;1342,03;1342,03;,00;,00;IM57;EUR;30/10/25;
20029723_25009426.pdf;21511543;PL;001;514,60;,00;514,60;,00;NOIVA;EUR;30/10/25;
IT02495130011_25006091.pdf;21507516;PV;001;264,07;216,45;,00;47,62;IM22;EUR;16/07/25;
IT00141290353_25009397.pdf;21511474;PV;001;113,46;93,00;,00;20,46;IM22A2;EUR;30/10/25;
20015548_25009355.pdf;21511498;PV;001;448,00;448,00;,00;,00;IM40;EUR;30/10/25;
IT09399880153_25005514.pdf;21506930;PV;001;460,45;377,42;,00;83,03;IM22;EUR;30/06/25;
20015548_25009208.pdf;21511312;PV;001;183,93;183,93;,00;,00;IM40;EUR;27/10/25;
IT00566100988_25008615.pdf;21511702;PV;001;12940,40;12940,40;,00;,00;IM63;EUR;31/10/25;
IT00566100988_25008615.pdf;21511702;PV;002;2,00;2,00;,00;,00;IM66;EUR;31/10/25;
IT09630830157_25008108.pdf;21510881;PV;001;11895,20;11895,20;,00;,00;IM63;EUR;15/10/25;
IT09630830157_25008108.pdf;21510881;PV;002;2,00;2,00;,00;,00;IM66;EUR;15/10/25;
IT02690180365_25009269.pdf;21511278;PV;001;805,00;805,00;,00;,00;IM63;EUR;27/10/25;
IT02690180365_25009269.pdf;21511278;PV;002;2,00;2,00;,00;,00;IM66;EUR;27/10/25;
IT00753490366_25009289.pdf;21511327;PV;001;2062,78;1690,80;,00;371,98;IM22;EUR;27/10/25;
IT01654270212_25004779.pdf;21511622;PV;001;4555,50;4555,50;,00;,00;IM63;EUR;31/10/25;
IT01654270212_25004779.pdf;21511622;PV;002;2,00;2,00;,00;,00;IM66;EUR;31/10/25;
20010436_24011732.pdf;21511413;PV;001;933,33;,00;933,33;,00;NOIVA;EUR;28/10/25;
IT00141290353_25009183.pdf;21511195;PV;001;289,43;237,24;,00;52,19;IM22A2;EUR;23/10/25;
20029723_25009446.pdf;21511572;PL;001;1277,00;,00;1277,00;,00;NOIVA;EUR;30/10/25;
IT00953470408_25009186.pdf;21511234;PV;001;148,96;122,10;,00;26,86;IM22;EUR;24/10/25;
20029723_25009455.pdf;21511562;PL;001;154,14;,00;154,14;,00;NOIVA;EUR;30/10/25;
IT02945540249_25009369.pdf;21511476;PV;001;6033,17;6033,17;,00;,00;IM63;EUR;30/10/25;
IT02945540249_25009369.pdf;21511476;PV;002;2,00;2,00;,00;,00;IM66;EUR;30/10/25;
IT01921910152_25009498.pdf;21511623;PV;001;438,54;438,54;,00;,00;IM64;EUR;31/10/25;
IT01921910152_25009498.pdf;21511623;PV;002;2,00;2,00;,00;,00;IM66;EUR;31/10/25;
20015548_25009543.pdf;21511693;PV;001;589,84;589,84;,00;,00;IM40;EUR;31/10/25;
20015548_25009543.pdf;21511693;PV;002;648,82;648,82;,00;,00;IM41;EUR;31/10/25;
IT13397910962_25008492.pdf;21511533;PV;001;29,21;23,94;,00;5,27;IM22;EUR;30/10/25;
20018797_25009243.pdf;21511297;PV;001;853,58;853,58;,00;,00;IM40;EUR;27/10/25;
20018797_25009243.pdf;21511297;PV;002;,00;,00;,00;,00;IM40;EUR;27/10/25;
20019331_25009517.pdf;21511650;PL;001;9405,00;9405,00;,00;,00;IM40;EUR;31/10/25;
20020921_25009282.pdf;21511510;PL;001;117,20;117,20;,00;,00;IM40;EUR;30/10/25;
IT01672840384_25008529.pdf;21511255;PV;001;292,80;240,00;,00;52,80;IM22;EUR;27/10/25;
IT01705000212_25009106.pdf;21511123;PV;001;364,78;299,00;,00;65,78;IM22;EUR;22/10/25;
20029723_25009468.pdf;21511579;PL;001;141,10;,00;141,10;,00;NOIVA;EUR;30/10/25;
IT02442930356_25009310.pdf;21511369;PV;001;192,76;158,00;,00;34,76;IM22;EUR;28/10/25;
IT13397910962_25009149.pdf;21511249;PV;001;29,98;24,58;,00;5,40;IM22;EUR;24/10/25;
20029723_25009450.pdf;21511558;PL;001;1935,00;,00;1935,00;,00;NOIVA;EUR;30/10/25;
20018797_25009296.pdf;21511355;PL;001;2801,82;2801,82;,00;,00;IM40;EUR;27/10/25;
20016841_25009376.pdf;21511493;PD;001;-717,99;-717,99;,00;,00;IM40;EUR;30/10/25;
20016841_25009376.pdf;21511493;PD;002;-240,00;-240,00;,00;,00;IM41;EUR;30/10/25;
IT02121151001_25009007.pdf;21510998;PV;001;126,96;126,96;,00;,00;IM4;EUR;20/10/25;
IT02121151001_25009007.pdf;21510998;PV;002;2,00;2,00;,00;,00;IM66;EUR;20/10/25;
20019331_25009521.pdf;21511656;PL;001;9405,00;9405,00;,00;,00;IM40;EUR;31/10/25;
20019331_25009521.pdf;21511656;PL;002;943,40;943,40;,00;,00;IM40;EUR;31/10/25;
20010809_25009241.pdf;21511301;PV;001;40,00;40,00;,00;,00;IM87;EUR;27/10/25;
IT00754800159_25009156.pdf;21511263;PV;001;5662,63;5662,63;,00;,00;IM64;EUR;27/10/25;
IT00754800159_25009156.pdf;21511263;PV;002;788,08;645,97;,00;142,11;IM22;EUR;27/10/25;
IT00754800159_25009156.pdf;21511263;PV;003;291,89;291,89;,00;,00;IM66;EUR;27/10/25;
IT01032450072_25007870.pdf;21509672;PV;001;103503,77;94094,34;,00;9409,43;IM10;EUR;17/09/25;
20018797_25009298.pdf;21511359;PL;001;727,16;727,16;,00;,00;IM40;EUR;27/10/25;
IT00903900132_25009481.pdf;21511606;PV;001;2439,25;2439,25;,00;,00;IM63;EUR;31/10/25;
IT00903900132_25009481.pdf;21511606;PV;002;2,00;2,00;,00;,00;IM66;EUR;31/10/25;
20029723_25009428.pdf;21511544;PL;001;1060,00;,00;1060,00;,00;NOIVA;EUR;30/10/25;
IT02690180365_25009264.pdf;21511284;PV;001;652,50;652,50;,00;,00;IM63;EUR;27/10/25;
IT02690180365_25009264.pdf;21511284;PV;002;2,00;2,00;,00;,00;IM66;EUR;27/10/25;
IT03259840365_25009357.pdf;21511636;PD;001;-470,00;-470,00;,00;,00;IM63;EUR;31/10/25;
20015548_25009236.pdf;21511313;PV;001;398,76;398,76;,00;,00;IM41;EUR;27/10/25;
20010891_25009474.pdf;21511646;PV;001;28274,66;,00;28274,66;,00;NOIVA;EUR;31/10/25;
IT03822240960_25008692.pdf;21511454;PD;001;-197,92;-162,23;,00;-35,69;IM22;EUR;29/10/25;
IT03822240960_25008692.pdf;21511454;PD;002;-24,23;-24,23;,00;,00;IM26;EUR;29/10/25;
IT03822240960_25008692.pdf;21511454;PD;003;-6,61;-5,42;,00;-1,19;IM22;EUR;29/10/25;
IT03822240960_25008692.pdf;21511454;PD;004;2,00;2,00;,00;,00;IM26;EUR;29/10/25;
IT01714530357_25008586.pdf;21510465;PV;001;10260,55;10260,55;,00;,00;IM56;EUR;08/10/25;
IT01914150360_25009142.pdf;21511232;PV;001;29861,20;29861,20;,00;,00;IM63;EUR;24/10/25;
IT01914150360_25009142.pdf;21511232;PV;002;2,00;2,00;,00;,00;IM66;EUR;24/10/25;
IT02690180365_25009267.pdf;21511279;PV;001;728,63;728,63;,00;,00;IM63;EUR;27/10/25;
IT02690180365_25009267.pdf;21511279;PV;002;2,00;2,00;,00;,00;IM66;EUR;27/10/25;
IT05481790961_25009277.pdf;21511288;PV;001;78,31;64,19;,00;14,12;IM22;EUR;27/10/25;
IT00141290353_25009181.pdf;21511196;PV;001;25,91;21,24;,00;4,67;IM22A2;EUR;23/10/25;
IT01723920359_25009246.pdf;21511406;PV;001;4099,20;3360,00;,00;739,20;IM22;EUR;28/10/25;
IT01356570356_25009337.pdf;21511529;PV;001;3484,83;2856,42;,00;628,41;IM22;EUR;30/10/25;
IT02756010365_25007367.pdf;21508956;PV;001;1790,07;1467,27;,00;322,80;IM22;EUR;30/08/25;
20011693_25009218.pdf;21511427;PL;001;40,00;40,00;,00;,00;IM40;EUR;28/10/25;
20011693_25009218.pdf;21511427;PL;002;885,20;885,20;,00;,00;IM40;EUR;28/10/25;
IT00379960289_25007986.pdf;21509859;PV;001;5010,89;5010,89;,00;,00;IM63;EUR;23/09/25;
IT00379960289_25007986.pdf;21509859;PV;002;2,00;2,00;,00;,00;IM66;EUR;23/09/25;
IT00754800159_25009362.pdf;21511464;PV;001;232,53;232,53;,00;,00;IM66;EUR;30/10/25;
20016841_25009372.pdf;21511497;PD;001;-350,00;-350,00;,00;,00;IM41;EUR;30/10/25;
IT01921910152_25009499.pdf;21511624;PV;001;310,09;310,09;,00;,00;IM66;EUR;31/10/25;
20019448_25009417.pdf;21511601;PV;001;4629,43;4629,43;,00;,00;IM63BD;EUR;30/10/25;
20015548_25009545.pdf;21511694;PV;001;188,09;188,09;,00;,00;IM40;EUR;31/10/25;
20015548_25009545.pdf;21511694;PV;002;206,90;206,90;,00;,00;IM41;EUR;31/10/25;
IT04202930980_25009405.pdf;21511507;PV;001;81245,00;81245,00;,00;,00;IM63;EUR;30/10/25;
IT04202930980_25009405.pdf;21511507;PV;002;2,00;2,00;,00;,00;IM66;EUR;30/10/25;
20016841_25009233.pdf;21511343;PV;001;839,77;839,77;,00;,00;IM40;EUR;27/10/25;
20016841_25009233.pdf;21511343;PV;002;545,85;545,85;,00;,00;IM41;EUR;27/10/25;
20018797_25009284.pdf;21511300;PV;001;3524,60;3524,60;,00;,00;IM40;EUR;27/10/25;
20018797_25009284.pdf;21511300;PV;002;,00;,00;,00;,00;IM40;EUR;27/10/25;
IT01925781203_25008963.pdf;21510961;PV;001;115,90;95,00;,00;20,90;IM22;EUR;17/10/25;
IT13397910962_25009150.pdf;21511248;PV;001;34,03;27,90;,00;6,13;IM22;EUR;24/10/25;
IT00559360987_25009313.pdf;21511370;PV;001;3170,16;3170,16;,00;,00;IM63;EUR;28/10/25;
IT01186840383_25009490.pdf;21511613;PV;001;768,60;630,00;,00;138,60;IM22;EUR;31/10/25;
20018797_25009294.pdf;21511356;PL;001;2801,82;2801,82;,00;,00;IM40;EUR;27/10/25;
20018797_25009294.pdf;21511356;PL;002;2801,82;2801,82;,00;,00;IM40;EUR;27/10/25;
20016841_25009375.pdf;21511494;PD;001;-35,00;-35,00;,00;,00;IM41;EUR;30/10/25;
20016841_25009221.pdf;21511348;PV;001;360,90;360,90;,00;,00;IM40;EUR;27/10/25;
20016841_25009221.pdf;21511348;PV;002;396,99;396,99;,00;,00;IM41;EUR;27/10/25;
IT00122680226_25008481.pdf;21511204;PV;001;40,00;40,00;,00;,00;IM64;EUR;23/10/25;
IT01975500354_25008679.pdf;21511229;PV;001;56982,95;56982,95;,00;,00;IM63;EUR;24/10/25;
IT03222820213_25008606.pdf;21510508;PV;001;614,62;503,79;,00;110,83;IM22;EUR;08/10/25;
20020448_25009247.pdf;21511396;PV;001;26465,23;26465,23;,00;,00;IM63BD;EUR;28/10/25;
IT00455110353_25009301.pdf;21511367;PV;001;505,09;459,17;,00;45,92;IM10;EUR;28/10/25;
20010443_25008643.pdf;21511175;PV;001;269,73;,00;269,73;,00;NOIVA;EUR;23/10/25;
20010443_25008643.pdf;21511175;PV;002;111,82;111,82;,00;,00;IM42;EUR;23/10/25;
20019331_25009523.pdf;21511705;PV;001;48,00;48,00;,00;,00;IM40;EUR;31/10/25;
20019448_25009453.pdf;21511587;PV;001;8583,64;8583,64;,00;,00;IM63BD;EUR;30/10/25;
20011510_25008736.pdf;21510699;PV;001;8057,72;,00;8057,72;,00;NOIVA;USD;13/10/25;
20042102_25009532.pdf;21511644;PL;001;237,40;237,40;,00;,00;IM40;EUR;31/10/25;
20042102_25009532.pdf;21511644;PL;002;90,16;90,16;,00;,00;IM40;EUR;31/10/25;
IT02267810964_25009072.pdf;21511242;PV;001;103,40;84,75;,00;18,65;IM22;EUR;24/10/25;
20018797_25009322.pdf;21511514;PV;001;10995,00;10995,00;,00;,00;IM41;EUR;30/10/25;
IT01174150357_25008787.pdf;21510908;PV;001;366,00;300,00;,00;66,00;IM22;EUR;16/10/25;
IT15844561009_25008021.pdf;21509853;PV;001;610,00;500,00;,00;110,00;IM22;EUR;22/09/25;
IT00522880244_25009395.pdf;21511475;PV;001;8701,24;7132,16;,00;1569,08;IM22;EUR;30/10/25;
IT00141290353_25009263.pdf;21511272;PV;001;67,34;55,20;,00;12,14;IM22A2;EUR;27/10/25;
20029723_25009439.pdf;21511553;PL;001;282,40;,00;282,40;,00;NOIVA;EUR;30/10/25;
IT03259840365_25009358.pdf;21511450;PV;001;8487,05;6956,60;,00;1530,45;IM22;EUR;29/10/25;
IT02934920360_25009340.pdf;21511438;PV;001;1326,14;1087,00;,00;239,14;IM22;EUR;29/10/25;
IT00122680226_25008869.pdf;21511257;PV;001;40,00;40,00;,00;,00;IM64;EUR;27/10/25;
IT01921910152_25009280.pdf;21511289;PV;001;748,39;748,39;,00;,00;IM64;EUR;27/10/25;
IT01921910152_25009280.pdf;21511289;PV;002;85,40;70,00;,00;15,40;IM22;EUR;27/10/25;
IT01921910152_25009280.pdf;21511289;PV;003;2,00;2,00;,00;,00;IM66;EUR;27/10/25;
IT00753490366_25009554.pdf;21511680;PV;001;1342,48;1100,39;,00;242,09;IM22;EUR;31/10/25;
IT00657441200_25009180.pdf;21511452;PV;001;5477,40;5477,40;,00;,00;IM63;EUR;29/10/25;
IT00657441200_25009180.pdf;21511452;PV;002;2,00;2,00;,00;,00;IM66;EUR;29/10/25;
IT00381800358_25009335.pdf;21511519;PV;001;58102,26;58102,26;,00;,00;IM63;EUR;30/10/25;
20057250_25009419.pdf;21511639;PV;001;230,73;230,73;,00;,00;IM63BD;EUR;31/10/25;
20010122_25009551.pdf;21511699;PL;001;63,44;,00;63,44;,00;NOIVA;USD;31/10/25;
IT01568721201_25009188.pdf;21511235;PV;001;89,24;73,15;,00;16,09;IM22;EUR;24/10/25;
IT03197250404_25008613.pdf;21511403;PV;001;5002,00;4100,00;,00;902,00;IM22;EUR;28/10/25;
20015548_25009198.pdf;21511320;PV;001;183,93;183,93;,00;,00;IM40;EUR;27/10/25;
20015548_25009198.pdf;21511320;PV;002;202,32;202,32;,00;,00;IM41;EUR;27/10/25;
20010809_25009010.pdf;21511080;PV;001;40,00;40,00;,00;,00;IM87;EUR;21/10/25;
IT00832091201_25009342.pdf;21511701;PV;001;1376,09;1127,95;,00;248,14;IM22;EUR;31/10/25;
20029723_25009454.pdf;21511561;PL;001;609,30;,00;609,30;,00;NOIVA;EUR;30/10/25;
IT05481790961_25009504.pdf;21511630;PV;001;209,23;171,50;,00;37,73;IM22;EUR;31/10/25;
IT08510870960_25009190.pdf;21511238;PV;001;80,01;65,58;,00;14,43;IM22A6;EUR;24/10/25;
IT08510870960_25009190.pdf;21511238;PV;002;134,33;110,11;,00;24,22;IM22;EUR;24/10/25;
IT01032450072_25008940.pdf;21510926;PV;001;52,23;42,81;,00;9,42;IM22;EUR;16/10/25;
20057250_25009549.pdf;21511703;PV;001;3021,95;3021,95;,00;,00;IM63BD;EUR;31/10/25;
20029723_25009463.pdf;21511570;PL;001;180,00;,00;180,00;,00;NOIVA;EUR;30/10/25;
IT01657140354_25009534.pdf;21511661;PV;001;4700,42;4700,42;,00;,00;IM63;EUR;31/10/25;
IT02550060350_25009316.pdf;21511371;PV;001;781,50;781,50;,00;,00;IM63;EUR;28/10/25;
IT02550060350_25009316.pdf;21511371;PV;002;2,00;2,00;,00;,00;IM66;EUR;28/10/25;
20010953_25009171.pdf;21511303;PD;001;-60,00;-60,00;,00;,00;IM41;EUR;27/10/25;
IT00753490366_25009556.pdf;21511674;PV;001;3324,13;2724,70;,00;599,43;IM22;EUR;31/10/25;
IT02455600359_25005631.pdf;21507581;PV;001;273,28;224,00;,00;49,28;IM22;EUR;18/07/25;
IT00754800159_25009307.pdf;21511361;PV;001;457,21;457,21;,00;,00;IM66;EUR;28/10/25;
IT00455780353_25008555.pdf;21511532;PV;001;887,04;844,80;,00;42,24;IM05;EUR;30/10/25;
IT00455780353_25008555.pdf;21511532;PV;002;793,66;650,54;,00;143,12;IM22;EUR;30/10/25;
20019331_25009214.pdf;21511292;PL;001;1204,35;1204,35;,00;,00;IM40;EUR;27/10/25;
20019331_25009214.pdf;21511292;PL;002;1433,75;1433,75;,00;,00;IM40;EUR;27/10/25;
20016841_25009374.pdf;21511495;PD;001;-210,00;-210,00;,00;,00;IM41;EUR;30/10/25;
IT01612920353_25008608.pdf;21510593;PD;001;-2,00;-2,00;,00;,00;IM63;EUR;10/10/25;
20015548_25009202.pdf;21511306;PV;001;376,18;376,18;,00;,00;IM40;EUR;27/10/25;
20015548_25009202.pdf;21511306;PV;002;413,80;413,80;,00;,00;IM41;EUR;27/10/25;
20029723_25009432.pdf;21511545;PL;001;955,60;,00;955,60;,00;NOIVA;EUR;30/10/25;
20029723_25009432.pdf;21511545;PL;002;1070,00;,00;1070,00;,00;NOIVA;EUR;30/10/25;
20018797_25009217.pdf;21511298;PV;001;1277,92;1277,92;,00;,00;IM40;EUR;27/10/25;
20018797_25009217.pdf;21511298;PV;002;,00;,00;,00;,00;IM40;EUR;27/10/25;
IT00472070358_25008475.pdf;21511254;PV;001;167,69;137,45;,00;30,24;IM22;EUR;27/10/25;
IT09399880153_25009365.pdf;21511455;PV;001;99,91;81,89;,00;18,02;IM22;EUR;30/10/25;
20029723_25009253.pdf;21511375;PL;001;1300,32;,00;1300,32;,00;NOIVA;EUR;28/10/25;
IT09399880153_25009300.pdf;21511534;PD;001;-244,00;-200,00;,00;-44,00;IM22;EUR;30/10/25;
IT00122680226_25009477.pdf;21511592;PV;001;40,00;40,00;,00;,00;IM64;EUR;30/10/25;
20010443_24011731.pdf;21511176;PV;001;269,73;,00;269,73;,00;NOIVA;EUR;23/10/25;
20010953_25008325.pdf;21510190;PV;001;347,00;347,00;,00;,00;IM40;EUR;30/09/25;
20010953_25008325.pdf;21510190;PV;002;540,00;540,00;,00;,00;IM41;EUR;30/09/25;
IT03779850365_25008472.pdf;21510441;PV;001;3307,86;2711,36;,00;596,50;IM22;EUR;08/10/25;
IT03247840360_25007663.pdf;21509451;PV;001;10797,76;8850,62;,00;1947,14;IM22;EUR;11/09/25;
IT03779850365_25007409.pdf;21509118;PV;001;2280,55;1869,30;,00;411,25;IM22;EUR;03/09/25;
20029723_25009447.pdf;21511560;PL;001;2340,00;,00;2340,00;,00;NOIVA;EUR;30/10/25;
IT03321310363_25009320.pdf;21511392;PV;001;29479,67;24163,66;,00;5316,01;IM22;EUR;28/10/25;
IT01924150350_25009272.pdf;21511280;PV;001;1491,65;1491,65;,00;,00;IM63;EUR;27/10/25;
20029723_25009254.pdf;21511382;PL;001;1725,00;,00;1725,00;,00;NOIVA;EUR;28/10/25;
20010595_25009388.pdf;21511515;PV;001;184,21;184,21;,00;,00;IM40;EUR;30/10/25;
20010595_25009388.pdf;21511515;PV;002;300,00;300,00;,00;,00;IM85;EUR;30/10/25;
20019331_25009522.pdf;21511659;PL;001;472,00;472,00;,00;,00;IM40;EUR;31/10/25;
20019331_25009522.pdf;21511659;PL;002;22445,00;22445,00;,00;,00;IM40;EUR;31/10/25;
20011500_25009012.pdf;21511417;PV;001;3386,00;3386,00;,00;,00;IM40;EUR;28/10/25;
IT03222820213_25008585.pdf;21510507;PV;001;1020,39;1020,39;,00;,00;IM64;EUR;08/10/25;
IT03222820213_25008585.pdf;21510507;PV;002;387,96;318,00;,00;69,96;IM22;EUR;08/10/25;
20015548_25009237.pdf;21511334;PD;001;-388,68;-388,68;,00;,00;IM41;EUR;27/10/25;
20029723_25009259.pdf;21511386;PL;001;1780,00;,00;1780,00;,00;NOIVA;EUR;28/10/25;
20029723_25009259.pdf;21511386;PL;002;224,72;,00;224,72;,00;NOIVA;EUR;28/10/25;
20018797_25009527.pdf;21511664;PV;001;2624,03;2624,03;,00;,00;IM40;EUR;31/10/25;
20018797_25009527.pdf;21511664;PV;002;,00;,00;,00;,00;IM40;EUR;31/10/25;
IT02128830359_25009421.pdf;21511593;PV;001;930,00;930,00;,00;,00;IM63;EUR;30/10/25;
20010436_22003099.pdf;21204297;PV;001;1197,56;,00;1197,56;,00;NOIVA;EUR;09/05/22;
IT03247840360_25009343.pdf;21511440;PV;001;24690,95;20238,48;,00;4452,47;IM22;EUR;29/10/25;
20015548_25009203.pdf;21511321;PV;001;152,90;152,90;,00;,00;IM40;EUR;27/10/25;
20015548_25009203.pdf;21511321;PV;002;168,19;168,19;,00;,00;IM41;EUR;27/10/25;
IT04209680158_25009503.pdf;21511626;PV;001;46,36;38,00;,00;8,36;IM22;EUR;31/10/25;
IT04209680158_25009503.pdf;21511626;PV;002;62,45;62,45;,00;,00;IM66;EUR;31/10/25;
20018797_25009414.pdf;21511635;PV;001;7158,90;7158,90;,00;,00;IM40;EUR;31/10/25;
20018797_25009414.pdf;21511635;PV;002;,00;,00;,00;,00;IM40;EUR;31/10/25;
20010809_25009288.pdf;21511302;PV;001;40,00;40,00;,00;,00;IM87;EUR;27/10/25;
IT00231120163_25009312.pdf;21511521;PV;001;4951,98;4059,00;,00;892,98;IM22;EUR;30/10/25;
IT00159560366_25009494.pdf;21511615;PV;001;605,00;605,00;,00;,00;IM65;EUR;31/10/25;
IT04681350270_25008977.pdf;21510975;PV;001;13843,01;11346,73;,00;2496,28;IM22;EUR;20/10/25;
IT04681350270_25008977.pdf;21510975;PV;002;79444,45;79444,45;,00;,00;IM26BIS;EUR;20/10/25;
IT04681350270_25008977.pdf;21510975;PV;003;2,00;2,00;,00;,00;IM66;EUR;20/10/25;
IT00857470363_25009317.pdf;21511389;PV;001;1724,45;1413,48;,00;310,97;IM22;EUR;28/10/25;
IT00753490366_25009302.pdf;21511362;PV;001;50,06;41,03;,00;9,03;IM22;EUR;28/10/25;
20016841_25009384.pdf;21511488;PV;001;468,00;468,00;,00;,00;IM40;EUR;30/10/25;
20016841_25009232.pdf;21511354;PD;001;-839,77;-839,77;,00;,00;IM40;EUR;27/10/25;
20016841_25009232.pdf;21511354;PD;002;-700,00;-700,00;,00;,00;IM41;EUR;27/10/25;
20016841_25009234.pdf;21511344;PV;001;717,99;717,99;,00;,00;IM40;EUR;27/10/25;
20016841_25009234.pdf;21511344;PV;002;240,00;240,00;,00;,00;IM41;EUR;27/10/25;
20018797_25009297.pdf;21511360;PL;001;360,25;360,25;,00;,00;IM40;EUR;27/10/25;
IT00754800159_25009364.pdf;21511456;PV;001;164,44;164,44;,00;,00;IM66;EUR;30/10/25;
IT02567110347_25009274.pdf;21511281;PV;001;17658,48;17658,48;,00;,00;IM63;EUR;27/10/25;
IT02567110347_25009274.pdf;21511281;PV;002;2,00;2,00;,00;,00;IM66;EUR;27/10/25;
20015548_25009325.pdf;21511432;PV;001;119,28;119,28;,00;,00;IM41;EUR;28/10/25;
20015548_25009354.pdf;21511499;PV;001;448,00;448,00;,00;,00;IM40;EUR;30/10/25;
20015548_25009381.pdf;21511500;PV;001;279,31;279,31;,00;,00;IM40;EUR;30/10/25;
IT03228990366_25009505.pdf;21511667;PV;001;9927,00;9927,00;,00;,00;IM63;EUR;31/10/25;
20017481_25004595.pdf;21505709;PV;001;571,45;571,45;,00;,00;IM40;EUR;04/06/25;
20015548_25009238.pdf;21511339;PD;001;-339,51;-339,51;,00;,00;IM41;EUR;27/10/25;
IT00753490366_25009540.pdf;21511682;PV;001;1240,46;1016,77;,00;223,69;IM22;EUR;31/10/25;
IT01113230351_25009187.pdf;21511236;PV;001;3100,71;3100,71;,00;,00;IM63;EUR;24/10/25;
IT01113230351_25009187.pdf;21511236;PV;002;2,00;2,00;,00;,00;IM66;EUR;24/10/25;
IT03247840360_25009341.pdf;21511441;PV;001;18263,11;14969,76;,00;3293,35;IM22;EUR;29/10/25;
20019448_25009422.pdf;21511588;PV;001;16340,39;16340,39;,00;,00;IM63BD;EUR;30/10/25;
IT00115480030_25009359.pdf;21511465;PV;001;10976,00;10976,00;,00;,00;IM63;EUR;30/10/25;
IT00115480030_25009359.pdf;21511465;PV;002;2,00;2,00;,00;,00;IM66;EUR;30/10/25;
IT01921910152_25009500.pdf;21511627;PV;001;517,44;517,44;,00;,00;IM64;EUR;31/10/25;
IT01921910152_25009500.pdf;21511627;PV;002;2,00;2,00;,00;,00;IM66;EUR;31/10/25;
20016841_25009229.pdf;21511352;PD;001;-137,70;-137,70;,00;,00;IM40;EUR;27/10/25;
20016841_25009229.pdf;21511352;PD;002;-350,00;-350,00;,00;,00;IM41;EUR;27/10/25;
20019448_25009465.pdf;21511590;PV;001;12047,32;12047,32;,00;,00;IM63BD;EUR;30/10/25;
IT11121140963_25008938.pdf;21511402;PV;001;91,00;91,00;,00;,00;IM66;EUR;28/10/25;
20029723_25009424.pdf;21511577;PL;001;239,50;,00;239,50;,00;NOIVA;EUR;30/10/25;
IT03197250404_25008609.pdf;21510537;PV;001;2013,00;1650,00;,00;363,00;IM22;EUR;09/10/25;
IT03822240960_25009311.pdf;21511374;PV;001;9720,23;7967,40;,00;1752,83;IM22;EUR;28/10/25;
20015548_25009410.pdf;21511537;PV;001;376,18;376,18;,00;,00;IM40;EUR;30/10/25;
20015548_25009410.pdf;21511537;PV;002;413,80;413,80;,00;,00;IM41;EUR;30/10/25;
IT01657140354_25009304.pdf;21511523;PV;001;1342,03;1342,03;,00;,00;IM57;EUR;30/10/25;
IT02286350364_25009537.pdf;21511676;PV;001;1175,00;1175,00;,00;,00;IM63;EUR;31/10/25;
IT02286350364_25009537.pdf;21511676;PV;002;2,00;2,00;,00;,00;IM66;EUR;31/10/25;
20017481_25006906.pdf;21508587;PV;001;571,45;571,45;,00;,00;IM40;EUR;07/08/25;
20015548_25009513.pdf;21511687;PV;001;376,18;376,18;,00;,00;IM40;EUR;31/10/25;
20015548_25009513.pdf;21511687;PV;002;413,80;413,80;,00;,00;IM41;EUR;31/10/25;
20016841_25009379.pdf;21511489;PV;001;338,00;338,00;,00;,00;IM40;EUR;30/10/25;
20029723_25009252.pdf;21511376;PL;001;719,46;,00;719,46;,00;NOIVA;EUR;28/10/25;
IT00754800159_25009361.pdf;21511457;PV;001;340,03;340,03;,00;,00;IM64;EUR;30/10/25;
IT00754800159_25009361.pdf;21511457;PV;002;341,28;279,74;,00;61,54;IM22;EUR;30/10/25;
IT00754800159_25009361.pdf;21511457;PV;003;2,00;2,00;,00;,00;IM66;EUR;30/10/25;
IT01114601006_25009400.pdf;21511469;PV;001;18,37;18,37;,00;,00;IM65;EUR;30/10/25;
IT00379960289_25007698.pdf;21509544;PV;001;5065,81;5065,81;,00;,00;IM63;EUR;12/09/25;
IT00379960289_25007698.pdf;21509544;PV;002;2,00;2,00;,00;,00;IM66;EUR;12/09/25;
IT03779850365_25008465.pdf;21510445;PV;001;3914,98;3209,00;,00;705,98;IM22;EUR;08/10/25;
IT02567110347_25009273.pdf;21511282;PV;001;1060,32;1060,32;,00;,00;IM63;EUR;27/10/25;
IT02567110347_25009273.pdf;21511282;PV;002;2,00;2,00;,00;,00;IM66;EUR;27/10/25;
IT03259840365_25009352.pdf;21511637;PD;001;-298,17;-244,40;,00;-53,77;IM22;EUR;31/10/25;
IT00468200316_25007718.pdf;21509478;PV;001;20612,16;20612,16;,00;,00;IM63;EUR;11/09/25;
IT00468200316_25007718.pdf;21509478;PV;002;2,00;2,00;,00;,00;IM66;EUR;11/09/25;
IT03078670043_25009262.pdf;21511269;PV;001;141,52;116,00;,00;25,52;IM22;EUR;27/10/25;
IT02575120361_25009081.pdf;21511078;PD;001;-162,03;-162,03;,00;,00;IM63;EUR;21/10/25;
IT02575120361_25009081.pdf;21511078;PD;002;-2,00;-2,00;,00;,00;IM66;EUR;21/10/25;
20019331_25009212.pdf;21511294;PL;001;43,18;43,18;,00;,00;IM40;EUR;27/10/25;
20019331_25009216.pdf;21511293;PL;001;646,25;646,25;,00;,00;IM40;EUR;27/10/25;
IT02267810964_25009173.pdf;21511328;PV;001;13,09;10,73;,00;2,36;IM22;EUR;27/10/25;
IT01612920353_25009334.pdf;21511451;PV;001;3901,23;3901,23;,00;,00;IM63;EUR;29/10/25;
IT02267810964_25009175.pdf;21511330;PV;001;238,45;195,45;,00;43,00;IM22;EUR;27/10/25;
IT07218560014_25009275.pdf;21511520;PV;001;15162,16;12428,00;,00;2734,16;IM22;EUR;30/10/25;
IT01975500354_25009420.pdf;21511595;PD;001;-1160,41;-1160,41;,00;,00;IM63;EUR;30/10/25;
20010947_25009327.pdf;21511629;PV;001;975,25;975,25;,00;,00;IM40;EUR;31/10/25;
20029723_25009443.pdf;21511573;PL;001;438,60;,00;438,60;,00;NOIVA;EUR;30/10/25;
IT02756010365_25006760.pdf;21508494;PV;001;2213,98;1814,74;,00;399,24;IM22;EUR;06/08/25;
20011734_25009387.pdf;21511516;PV;001;402,00;402,00;,00;,00;IM40;EUR;30/10/25;
IT11890670158_25009271.pdf;21511273;PV;001;1110,20;910,00;,00;200,20;IM22;EUR;27/10/25;
IT01921910152_25009501.pdf;21511628;PV;001;291,02;291,02;,00;,00;IM66;EUR;31/10/25;
20015548_25009199.pdf;21511322;PV;001;598,00;598,00;,00;,00;IM40;EUR;27/10/25;
20029723_25009423.pdf;21511578;PL;001;1354,00;,00;1354,00;,00;NOIVA;EUR;30/10/25;
20029723_25009423.pdf;21511578;PL;002;603,72;,00;603,72;,00;NOIVA;EUR;30/10/25;
IT00559360987_25009535.pdf;21511670;PV;001;7439,56;7439,56;,00;,00;IM63;EUR;31/10/25;
IT01714530357_25008675.pdf;21510557;PV;001;475,00;475,00;,00;,00;IM56;EUR;09/10/25;
IT04209680158_25008968.pdf;21511141;PV;001;157,03;157,03;,00;,00;IM66;EUR;22/10/25;
IT04209680158_25008968.pdf;21511141;PV;002;46,36;38,00;,00;8,36;IM22;EUR;22/10/25;
IT01403100355_25009315.pdf;21511378;PV;001;1351,76;1108,00;,00;243,76;IM22;EUR;28/10/25;
IT00891230153_25009491.pdf;21511617;PV;001;185,70;185,70;,00;,00;IM66;EUR;31/10/25;
IT00754800159_25009306.pdf;21511364;PV;001;506,99;506,99;,00;,00;IM64;EUR;28/10/25;
IT00754800159_25009306.pdf;21511364;PV;002;610,60;500,49;,00;110,11;IM22;EUR;28/10/25;
IT00754800159_25009306.pdf;21511364;PV;003;2,00;2,00;,00;,00;IM66;EUR;28/10/25;
20029723_25009431.pdf;21511546;PL;001;167,44;,00;167,44;,00;NOIVA;EUR;30/10/25;
20016841_25009383.pdf;21511496;PD;001;-338,00;-338,00;,00;,00;IM40;EUR;30/10/25;
20015548_25008772.pdf;21510884;PD;001;-16,50;-16,50;,00;,00;IM41;EUR;15/10/25;
20015548_25009195.pdf;21511307;PV;001;183,93;183,93;,00;,00;IM40;EUR;27/10/25;
20015548_25009195.pdf;21511307;PV;002;202,32;202,32;,00;,00;IM41;EUR;27/10/25;
IT00754800159_25009363.pdf;21511458;PV;001;369,54;369,54;,00;,00;IM64;EUR;30/10/25;
IT00754800159_25009363.pdf;21511458;PV;002;396,98;325,39;,00;71,59;IM22;EUR;30/10/25;
IT00754800159_25009363.pdf;21511458;PV;003;2,00;2,00;,00;,00;IM66;EUR;30/10/25;
IT03053820365_25009032.pdf;21511409;PV;001;13820,02;13820,02;,00;,00;IM63;EUR;28/10/25;
IT00522880244_25009396.pdf;21511695;PV;001;21736,64;17816,92;,00;3919,72;IM22;EUR;31/10/25;
IT09771701001_25009160.pdf;21511230;PV;001;85,68;70,23;,00;15,45;IM22A6;EUR;24/10/25;
IT02836990354_25008645.pdf;21510526;PV;001;189,70;155,49;,00;34,21;IM22;EUR;09/10/25;
IT03822240960_25009393.pdf;21511479;PV;001;2513,20;2060,00;,00;453,20;IM22;EUR;30/10/25;
20020480_25009353.pdf;21511535;PV;001;1412,00;1412,00;,00;,00;IM41;EUR;30/10/25;
20015548_25009211.pdf;21511316;PV;001;152,90;152,90;,00;,00;IM40;EUR;27/10/25;
20015548_25009211.pdf;21511316;PV;002;168,19;168,19;,00;,00;IM41;EUR;27/10/25;
IT02347930360_25009347.pdf;21511442;PV;001;679,88;557,28;,00;122,60;IM22;EUR;29/10/25;
20016841_25009223.pdf;21511338;PV;001;140,00;140,00;,00;,00;IM41;EUR;27/10/25;
20029723_25009449.pdf;21511557;PL;001;775,50;,00;775,50;,00;NOIVA;EUR;30/10/25;
IT03311540961_25009276.pdf;21511586;PV;001;3567,60;3567,60;,00;,00;IM63;EUR;30/10/25;
IT03311540961_25009276.pdf;21511586;PV;002;-40,39;-40,39;,00;,00;IM63;EUR;30/10/25;
IT03311540961_25009276.pdf;21511586;PV;003;2,00;2,00;,00;,00;IM66;EUR;30/10/25;
IT02653140356_25008359.pdf;21510379;PV;001;16500,00;16500,00;,00;,00;IM63;EUR;06/10/25;
IT02653140356_25008359.pdf;21510379;PV;002;2,00;2,00;,00;,00;IM66;EUR;06/10/25;
20011504_25008438.pdf;21511407;PD;001;-5040,00;-5040,00;,00;,00;IM41;EUR;28/10/25;
20029723_25009462.pdf;21511564;PL;001;2158,94;,00;2158,94;,00;NOIVA;EUR;30/10/25;
IT01014820326_25008115.pdf;21511135;PV;001;97,00;97,00;,00;,00;IM64;EUR;22/10/25;
IT01014820326_25008115.pdf;21511135;PV;002;8,54;7,00;,00;1,54;IM22;EUR;22/10/25;
20019331_25009215.pdf;21511295;PL;001;22445,00;22445,00;,00;,00;IM40;EUR;27/10/25;
IT00676140353_25009189.pdf;21511237;PV;001;11254,30;9224,84;,00;2029,46;IM22;EUR;24/10/25;
IT02690180365_25009268.pdf;21511274;PV;001;1317,61;1317,61;,00;,00;IM63;EUR;27/10/25;
IT02690180365_25009268.pdf;21511274;PV;002;2,00;2,00;,00;,00;IM66;EUR;27/10/25;
20016841_25009370.pdf;21511490;PD;001;-140,00;-140,00;,00;,00;IM41;EUR;30/10/25;
20015548_25009205.pdf;21511332;PV;001;376,18;376,18;,00;,00;IM40;EUR;27/10/25;
20015548_25009205.pdf;21511332;PV;002;413,80;413,80;,00;,00;IM41;EUR;27/10/25;
20029723_25009442.pdf;21511547;PL;001;877,20;,00;877,20;,00;NOIVA;EUR;30/10/25;
IT00122680226_25008457.pdf;21511134;PV;001;40,00;40,00;,00;,00;IM64;EUR;22/10/25;
IT03311540961_25008993.pdf;21511597;PV;001;15024,60;15024,60;,00;,00;IM63;EUR;30/10/25;
IT03311540961_25008993.pdf;21511597;PV;002;-300,88;-300,88;,00;,00;IM63;EUR;30/10/25;
IT03311540961_25008993.pdf;21511597;PV;003;2,00;2,00;,00;,00;IM66;EUR;30/10/25;
20018797_25009528.pdf;21511665;PV;001;365,81;365,81;,00;,00;IM40;EUR;31/10/25;
20018797_25009528.pdf;21511665;PV;002;,00;,00;,00;,00;IM40;EUR;31/10/25;
IT03822240960_25009314.pdf;21511384;PV;001;1539,34;1261,75;,00;277,59;IM22;EUR;28/10/25;
20010947_25009328.pdf;21511632;PV;001;280,50;280,50;,00;,00;IM40;EUR;31/10/25;
20015548_25009411.pdf;21511538;PV;001;183,93;183,93;,00;,00;IM40;EUR;30/10/25;
20015548_25009411.pdf;21511538;PV;002;350,00;350,00;,00;,00;IM41;EUR;30/10/25;
IT00891230153_25008946.pdf;21511005;PV;001;491,29;402,70;,00;88,59;IM22;EUR;20/10/25;
IT00891230153_25008946.pdf;21511005;PV;002;450,00;450,00;,00;,00;IM64;EUR;20/10/25;
IT00891230153_25008946.pdf;21511005;PV;003;2,00;2,00;,00;,00;IM66;EUR;20/10/25;
20018797_25009299.pdf;21511357;PL;001;127,00;127,00;,00;,00;IM40;EUR;27/10/25;
IT00753490366_25009555.pdf;21511677;PV;001;342,83;281,01;,00;61,82;IM22;EUR;31/10/25;
IT00227250131_25008451.pdf;21510326;PV;001;3794,69;3110,40;,00;684,29;IM22;EUR;06/10/25;
20019448_25009433.pdf;21511589;PV;001;15446,85;15446,85;,00;,00;IM63BD;EUR;30/10/25;
IT02550060350_25008798.pdf;21510636;PV;001;3651,60;3651,60;,00;,00;IM63;EUR;13/10/25;
IT02550060350_25008798.pdf;21510636;PV;002;2,00;2,00;,00;,00;IM66;EUR;13/10/25;
IT00552020984_25009479.pdf;21511602;PV;001;820,00;820,00;,00;,00;IM63;EUR;31/10/25;
IT00552020984_25009479.pdf;21511602;PV;002;2,00;2,00;,00;,00;IM66;EUR;31/10/25;
20010672_25009286.pdf;21511430;PV;001;280,59;280,59;,00;,00;IM40;EUR;28/10/25;
IT00857470363_25009191.pdf;21511265;PV;001;1146,42;939,69;,00;206,73;IM22;EUR;27/10/25;
20010931_25008500.pdf;21511405;PV;001;104,29;,00;104,29;,00;NOIVA;EUR;28/10/25;
20029723_25009251.pdf;21511377;PL;001;217,75;,00;217,75;,00;NOIVA;EUR;28/10/25;
IT09399880153_25009367.pdf;21511459;PD;001;-324,07;-265,63;,00;-58,44;IM22;EUR;30/10/25;
20011186_25009009.pdf;21511408;PV;001;1471,34;1471,34;,00;,00;IM40;EUR;28/10/25;
20011186_25009009.pdf;21511408;PV;002;200,00;200,00;,00;,00;IM85;EUR;28/10/25;
20029723_25009467.pdf;21511581;PL;001;860,00;,00;860,00;,00;NOIVA;EUR;30/10/25;
IT07516911000_25009159.pdf;21511250;PV;001;48,20;39,51;,00;8,69;IM22A6;EUR;24/10/25;
IT07516911000_25009159.pdf;21511250;PV;002;1249,10;1023,85;,00;225,25;IM22;EUR;24/10/25;
IT00468200316_25009403.pdf;21511480;PV;001;801,30;801,30;,00;,00;IM63;EUR;30/10/25;
IT00468200316_25009403.pdf;21511480;PV;002;2,00;2,00;,00;,00;IM66;EUR;30/10/25;
IT02455600359_25009094.pdf;21511121;PV;001;251,32;206,00;,00;45,32;IM22;EUR;22/10/25;
20018725_23012964.pdf;21511428;PV;001;181,65;181,65;,00;,00;IM40;EUR;28/10/25;
20018725_23012964.pdf;21511428;PV;002;150,00;150,00;,00;,00;IM85;EUR;28/10/25;
20019448_25009445.pdf;21511591;PV;001;22535,89;22535,89;,00;,00;IM63BD;EUR;30/10/25;
IT01612920353_25008691.pdf;21511404;PV;001;8442,76;8442,76;,00;,00;IM63;EUR;28/10/25;
IT00349860361_25009345.pdf;21511443;PV;001;12184,56;12184,56;,00;,00;IM63;EUR;29/10/25;
IT00349860361_25009345.pdf;21511443;PV;002;2,00;2,00;,00;,00;IM66;EUR;29/10/25;
IT01845070364_25009329.pdf;21511416;PV;001;1479,05;1212,34;,00;266,71;IM22;EUR;28/10/25;
20015548_25009239.pdf;21511317;PV;001;648,40;648,40;,00;,00;IM41;EUR;27/10/25;
IT02313580363_25008576.pdf;21511256;PV;001;1424,96;1168,00;,00;256,96;IM22;EUR;27/10/25;
20016841_25009225.pdf;21511340;PV;001;210,00;210,00;,00;,00;IM41;EUR;27/10/25;
20015548_25009514.pdf;21511688;PV;001;376,18;376,18;,00;,00;IM40;EUR;31/10/25;
20015548_25009514.pdf;21511688;PV;002;413,80;413,80;,00;,00;IM41;EUR;31/10/25;
20029723_25009471.pdf;21511584;PL;001;1060,00;,00;1060,00;,00;NOIVA;EUR;30/10/25;
IT00453070351_25009541.pdf;21511684;PV;001;219,60;180,00;,00;39,60;IM22;EUR;31/10/25;
20019331_25009518.pdf;21511649;PL;001;267,30;267,30;,00;,00;IM40;EUR;31/10/25;
20016841_25009228.pdf;21511349;PV;001;137,70;137,70;,00;,00;IM40;EUR;27/10/25;
20016841_25009228.pdf;21511349;PV;002;350,00;350,00;,00;,00;IM41;EUR;27/10/25;
20029723_25009460.pdf;21511568;PL;001;762,00;,00;762,00;,00;NOIVA;EUR;30/10/25;
20029723_25009249.pdf;21511387;PL;001;51,38;,00;51,38;,00;NOIVA;EUR;28/10/25;
20010445_25008548.pdf;21511411;PV;001;570,00;570,00;,00;,00;IM42;EUR;28/10/25;
20015548_25009382.pdf;21511503;PV;001;376,18;376,18;,00;,00;IM40;EUR;30/10/25;
20015548_25009382.pdf;21511503;PV;002;413,80;413,80;,00;,00;IM41;EUR;30/10/25;
20015548_25009204.pdf;21511333;PV;001;589,84;589,84;,00;,00;IM40;EUR;27/10/25;
20015548_25009204.pdf;21511333;PV;002;648,82;648,82;,00;,00;IM41;EUR;27/10/25;
IT00753490366_25009553.pdf;21511671;PV;001;287,07;235,30;,00;51,77;IM22;EUR;31/10/25;
IT00522880244_25009486.pdf;21511607;PV;001;1666,35;1365,86;,00;300,49;IM22;EUR;31/10/25;
IT01925781203_25008875.pdf;21510788;PV;001;8379,57;6868,50;,00;1511,07;IM22;EUR;14/10/25;
IT01980510364_25009492.pdf;21511618;PV;001;2417,55;1981,60;,00;435,95;IM22;EUR;31/10/25;
20010443_25008656.pdf;21511178;PV;001;378,29;,00;378,29;,00;NOIVA;EUR;23/10/25;
20015548_25009323.pdf;21511435;PD;001;-16,50;-16,50;,00;,00;IM41;EUR;28/10/25;
IT01566180350_25008950.pdf;21511395;PV;001;1026,78;841,62;,00;185,16;IM22;EUR;28/10/25;
IT00379960289_25009386.pdf;21511486;PV;001;3499,50;3499,50;,00;,00;IM63;EUR;30/10/25;
IT00379960289_25009386.pdf;21511486;PV;002;2,00;2,00;,00;,00;IM66;EUR;30/10/25;
IT02452540368_25009303.pdf;21511518;PV;001;878,40;720,00;,00;158,40;IM22;EUR;30/10/25;
20019331_25009519.pdf;21511651;PL;001;566,50;566,50;,00;,00;IM40;EUR;31/10/25;
20015548_25009201.pdf;21511308;PV;001;202,55;202,55;,00;,00;IM40;EUR;27/10/25;
20015548_25009201.pdf;21511308;PV;002;105,00;105,00;,00;,00;IM41;EUR;27/10/25;
20029723_25009250.pdf;21511379;PL;001;1060,00;,00;1060,00;,00;NOIVA;EUR;28/10/25;
IT01218050357_25009399.pdf;21511478;PV;001;4678,15;4678,15;,00;,00;IM63;EUR;30/10/25;
IT09399880153_25009042.pdf;21511259;PV;001;201,25;164,96;,00;36,29;IM22;EUR;27/10/25;
20021046_25009418.pdf;21511599;PL;001;4014,18;,00;4014,18;,00;NOIVA;USD;30/10/25;
IT00468200316_25009402.pdf;21511481;PV;001;72818,40;72818,40;,00;,00;IM63;EUR;30/10/25;
IT00468200316_25009402.pdf;21511481;PV;002;2,00;2,00;,00;,00;IM66;EUR;30/10/25;
20016841_25009515.pdf;21511668;PV;001;180,45;180,45;,00;,00;IM40;EUR;31/10/25;
20016841_25009515.pdf;21511668;PV;002;197,55;197,55;,00;,00;IM41;EUR;31/10/25;
20010953_25009172.pdf;21511304;PD;001;-347,00;-347,00;,00;,00;IM40;EUR;27/10/25;
20010953_25009172.pdf;21511304;PD;002;-540,00;-540,00;,00;,00;IM41;EUR;27/10/25;
20029723_25009470.pdf;21511582;PL;001;2120,00;,00;2120,00;,00;NOIVA;EUR;30/10/25;
IT03247840360_25009344.pdf;21511444;PV;001;1923,70;1576,80;,00;346,90;IM22;EUR;29/10/25;
20029723_25009466.pdf;21511580;PL;001;4460,00;,00;4460,00;,00;NOIVA;EUR;30/10/25;
IT01356570356_25009339.pdf;21511528;PV;001;1541,88;1263,84;,00;278,04;IM22;EUR;30/10/25;
20010842_25008693.pdf;21511422;PV;001;977,57;,00;977,57;,00;NOIVA;EUR;28/10/25;
20010842_25008693.pdf;21511422;PV;002;97,58;97,58;,00;,00;IM42;EUR;28/10/25;
IT13397910962_25008578.pdf;21511437;PV;001;79,00;64,74;,00;14,26;IM22;EUR;29/10/25;
20010436_24011733.pdf;21511415;PV;001;830,76;,00;830,76;,00;NOIVA;EUR;28/10/25;
20011776_25009287.pdf;21511429;PV;001;54,19;54,19;,00;,00;IM41;EUR;28/10/25;
20016841_25009224.pdf;21511341;PV;001;350,00;350,00;,00;,00;IM41;EUR;27/10/25;
20029723_25009444.pdf;21511548;PL;001;757,20;,00;757,20;,00;NOIVA;EUR;30/10/25;
20029723_25009444.pdf;21511548;PL;002;5880,00;,00;5880,00;,00;NOIVA;EUR;30/10/25;
20015548_25009511.pdf;21511689;PV;001;376,18;376,18;,00;,00;IM40;EUR;31/10/25;
20015548_25009511.pdf;21511689;PV;002;413,80;413,80;,00;,00;IM41;EUR;31/10/25;
IT04866850151_25009409.pdf;21511596;PV;001;4349,24;4349,24;,00;,00;IM63;EUR;30/10/25;
IT04866850151_25009409.pdf;21511596;PV;002;2,00;2,00;,00;,00;IM66;EUR;30/10/25;
IT12717620152_25009557.pdf;21511685;PV;001;1850,44;1516,75;,00;333,69;IM22;EUR;31/10/25;
20029723_25009458.pdf;21511565;PL;001;541,50;,00;541,50;,00;NOIVA;EUR;30/10/25;
IT01868061209_25009368.pdf;21511467;PV;001;21617,68;21617,68;,00;,00;IM63;EUR;30/10/25;
20016841_25009371.pdf;21511491;PD;001;-140,00;-140,00;,00;,00;IM41;EUR;30/10/25;
IT02347930360_25009349.pdf;21511446;PV;001;307,44;252,00;,00;55,44;IM22;EUR;29/10/25;
IT00522880244_25009487.pdf;21511608;PV;001;35407,40;29022,46;,00;6384,94;IM22;EUR;31/10/25;
20016841_25009231.pdf;21511345;PV;001;839,77;839,77;,00;,00;IM40;EUR;27/10/25;
20016841_25009231.pdf;21511345;PV;002;700,00;700,00;,00;,00;IM41;EUR;27/10/25;
20019331_25009213.pdf;21511296;PL;001;288,00;288,00;,00;,00;IM40;EUR;27/10/25;
20019331_25009213.pdf;21511296;PL;002;9434,00;9434,00;,00;,00;IM40;EUR;27/10/25;
20015548_25008767.pdf;21510877;PV;001;448,00;448,00;,00;,00;IM40;EUR;15/10/25;
20029723_25009448.pdf;21511556;PL;001;9763,50;,00;9763,50;,00;NOIVA;EUR;30/10/25;
IT01546400225_25009536.pdf;21511678;PV;001;12909,75;10581,76;,00;2327,99;IM22;EUR;31/10/25;
20015548_25009412.pdf;21511539;PV;001;376,18;376,18;,00;,00;IM40;EUR;30/10/25;
20015548_25009412.pdf;21511539;PV;002;413,80;413,80;,00;,00;IM41;EUR;30/10/25;
IT00552020984_25009478.pdf;21511603;PV;001;487,90;487,90;,00;,00;IM63;EUR;31/10/25;
IT00552020984_25009478.pdf;21511603;PV;002;2,00;2,00;,00;,00;IM66;EUR;31/10/25;
IT01921910152_25009192.pdf;21511266;PV;001;1288,88;1288,88;,00;,00;IM64;EUR;27/10/25;
IT01921910152_25009192.pdf;21511266;PV;002;85,40;70,00;,00;15,40;IM22;EUR;27/10/25;
IT01921910152_25009192.pdf;21511266;PV;003;2,00;2,00;,00;,00;IM66;EUR;27/10/25;
20029723_25009258.pdf;21511380;PL;001;3125,47;,00;3125,47;,00;NOIVA;EUR;28/10/25;
IT00891230153_25008975.pdf;21511006;PV;001;250,47;205,30;,00;45,17;IM22;EUR;20/10/25;
IT00891230153_25008975.pdf;21511006;PV;002;415,00;415,00;,00;,00;IM64;EUR;20/10/25;
IT00891230153_25008975.pdf;21511006;PV;003;2,00;2,00;,00;,00;IM66;EUR;20/10/25;
IT01845070364_25009360.pdf;21511461;PV;001;2106,88;1726,95;,00;379,93;IM22;EUR;30/10/25;
IT09399880153_25009038.pdf;21511260;PV;001;230,20;188,69;,00;41,51;IM22;EUR;27/10/25;
IT00468200316_25009404.pdf;21511482;PV;001;10306,08;10306,08;,00;,00;IM63;EUR;30/10/25;
IT00468200316_25009404.pdf;21511482;PV;002;2,00;2,00;,00;,00;IM66;EUR;30/10/25;
20019331_25009520.pdf;21511653;PL;001;116,05;116,05;,00;,00;IM40;EUR;31/10/25;
20010947_25009069.pdf;21511418;PV;001;975,25;975,25;,00;,00;IM40;EUR;28/10/25;
20029723_25009255.pdf;21511383;PL;001;861,50;,00;861,50;,00;NOIVA;EUR;28/10/25;
20029723_25009469.pdf;21511583;PL;001;1060,00;,00;1060,00;,00;NOIVA;EUR;30/10/25;
IT01566180350_25009346.pdf;21511530;PV;001;890,84;730,20;,00;160,64;IM22;EUR;30/10/25;
IT11926150969_25009331.pdf;21511419;PV;001;1051,39;1051,39;,00;,00;IM66;EUR;28/10/25;
20016841_25009220.pdf;21511351;PD;001;-180,45;-180,45;,00;,00;IM40;EUR;27/10/25;
20016841_25009220.pdf;21511351;PD;002;-198,50;-198,50;,00;,00;IM41;EUR;27/10/25;
20016841_25009230.pdf;21511342;PV;001;137,70;137,70;,00;,00;IM40;EUR;27/10/25;
20016841_25009230.pdf;21511342;PV;002;89,51;89,51;,00;,00;IM41;EUR;27/10/25;
20011186_25009413.pdf;21511536;PV;001;56,69;56,69;,00;,00;IM40;EUR;30/10/25;
IT00379960289_25009389.pdf;21511505;PV;001;3657,56;3657,56;,00;,00;IM63;EUR;30/10/25;
IT00379960289_25009389.pdf;21511505;PV;002;2,00;2,00;,00;,00;IM66;EUR;30/10/25;
20018797_25009526.pdf;21511662;PV;001;4974,48;4974,48;,00;,00;IM40;EUR;31/10/25;
20018797_25009283.pdf;21511299;PV;001;7000,00;7000,00;,00;,00;IM40;EUR;27/10/25;
20018797_25009283.pdf;21511299;PV;002;,00;,00;,00;,00;IM40;EUR;27/10/25;
IT01657140354_25009533.pdf;21511658;PV;001;2684,06;2684,06;,00;,00;IM57;EUR;31/10/25;
IT01654270212_25004789.pdf;21511620;PV;001;4293,00;4293,00;,00;,00;IM63;EUR;31/10/25;
IT01654270212_25004789.pdf;21511620;PV;002;2,00;2,00;,00;,00;IM66;EUR;31/10/25;
IT02909850352_25008909.pdf;21511246;PV;001;140,30;115,00;,00;25,30;IM22;EUR;24/10/25;
IT02556300206_25008545.pdf;21510851;PV;001;1525,00;1250,00;,00;275,00;IM22;EUR;15/10/25;
20016841_25009373.pdf;21511492;PD;001;-210,00;-210,00;,00;,00;IM41;EUR;30/10/25;
20016841_25009219.pdf;21511353;PD;001;-212,97;-212,97;,00;,00;IM40;EUR;27/10/25;
20016841_25009219.pdf;21511353;PD;002;-234,27;-234,27;,00;,00;IM41;EUR;27/10/25;
IT02455600359_25009485.pdf;21511619;PD;001;-273,28;-224,00;,00;-49,28;IM22;EUR;31/10/25;
IT00915300354_25009244.pdf;21511331;PV;001;379,20;379,20;,00;,00;IM63;EUR;27/10/25;
IT01657140354_25009308.pdf;21511527;PV;001;1645,15;1645,15;,00;,00;IM63;EUR;30/10/25;
IT00220510358_25008466.pdf;21511634;PV;001;417,65;342,34;,00;75,31;IM22;EUR;31/10/25;
IT01657400246_25009321.pdf;21511394;PV;001;28751,38;28751,38;,00;,00;IM63;EUR;28/10/25;
IT01657400246_25009321.pdf;21511394;PV;002;2,00;2,00;,00;,00;IM66;EUR;28/10/25;
IT01174150357_25008800.pdf;21510910;PV;001;1228,97;1007,35;,00;221,62;IM22;EUR;16/10/25;
IT02253100032_25008976.pdf;21511023;PV;001;933,84;765,44;,00;168,40;IM22;EUR;20/10/25;
IT03311540961_25008261.pdf;21510132;PV;001;1309,95;1309,95;,00;,00;IM63;EUR;29/09/25;
IT03311540961_25008261.pdf;21510132;PV;002;2,00;2,00;,00;,00;IM66;EUR;29/09/25;
IT01921910152_25009193.pdf;21511267;PV;001;166,92;166,92;,00;,00;IM66;EUR;27/10/25;
